,author,created_utc,permalink,score,subreddit,title,url,created,post_type,text
0,YZXFILE,2020-08-29 16:01:25,https://reddit.com/r/Jokes/comments/iiuv1z/why_did_the_invisible_man_turn_down_a_new_job/,1,Jokes,Why did the invisible man turn down a new job?,https://www.reddit.com/r/Jokes/comments/iiuv1z/why_did_the_invisible_man_turn_down_a_new_job/,1598731285.0,submission,He just couldn't see himself doing it!
1,AllOrNothing13,2020-08-29 15:59:53,https://reddit.com/r/Jokes/comments/iiutwp/police_found_a_couple_kids_the_other_day_one/,1,Jokes,"Police found a couple kids the other day, one eating fireworks and the other eating batteries.",https://www.reddit.com/r/Jokes/comments/iiutwp/police_found_a_couple_kids_the_other_day_one/,1598731193.0,submission,They let one off but charged the other.
2,Nicvlt,2020-08-29 15:57:22,https://reddit.com/r/Jokes/comments/iiuscd/beds_are_lowkey_slept_on/,1,Jokes,beds are lowkey slept on,https://www.reddit.com/r/Jokes/comments/iiuscd/beds_are_lowkey_slept_on/,1598731042.0,submission,[removed]
3,YZXFILE,2020-08-29 15:56:49,https://reddit.com/r/Jokes/comments/iiurzb/did_you_hear_about_the_person_who_went_to_a/,1,Jokes,Did you hear about the person who went to a seafood gym?,https://www.reddit.com/r/Jokes/comments/iiurzb/did_you_hear_about_the_person_who_went_to_a/,1598731009.0,submission,They pulled a mussel!
4,YZXFILE,2020-08-29 15:55:01,https://reddit.com/r/Jokes/comments/iiuqus/what_do_you_call_a_cat_that_gets_anything_it_wants/,1,Jokes,What do you call a cat that gets anything it wants?,https://www.reddit.com/r/Jokes/comments/iiuqus/what_do_you_call_a_cat_that_gets_anything_it_wants/,1598730901.0,submission,Very purr-suasive!
5,Janbiya,2020-08-29 15:53:54,https://reddit.com/r/Jokes/comments/iiuq5o/three_redditors_walk_into_a_bar/,1,Jokes,Three Redditors walk into a bar,https://www.reddit.com/r/Jokes/comments/iiuq5o/three_redditors_walk_into_a_bar/,1598730834.0,submission,"The first one orders a Coke, sits down, and starts staring at his phone with silent intensity.

The second one orders a Coke, sits down, and starts staring at his phone with silent intensity.

The third one orders a Coke, sits down, and starts staring at his phone with silent intensity."
6,MartHodds,2020-08-29 15:49:35,https://reddit.com/r/Jokes/comments/iiunfo/a_little_girl_was_talking_to_her_father/,1,Jokes,A little girl was talking to her Father..,https://www.reddit.com/r/Jokes/comments/iiunfo/a_little_girl_was_talking_to_her_father/,1598730575.0,submission,"She said ""Daddy, when I grow up I want to be a feminist""
Daddy says ""Oh sweetheart, you know you can't do both."""
7,donut_approach,2020-08-29 15:48:22,https://reddit.com/r/Jokes/comments/iiumn9/doughnuts/,1,Jokes,doughnuts,https://www.reddit.com/r/Jokes/comments/iiumn9/doughnuts/,1598730502.0,submission,doughnuts are just shaped dough until someone nuts into it. then you get a white choclate doughnut.
8,minimum666,2020-08-29 15:47:08,https://reddit.com/r/Jokes/comments/iiulvs/i_have_some_original_contribution_to_rjokes/,1,Jokes,I have some original contribution to r/jokes,https://www.reddit.com/r/Jokes/comments/iiulvs/i_have_some_original_contribution_to_rjokes/,1598730428.0,submission,My life.
9,wannablequant,2020-08-29 15:43:27,https://reddit.com/r/Jokes/comments/iiujjf/yo_mama_so_fat/,1,Jokes,Yo mama so fat..,https://www.reddit.com/r/Jokes/comments/iiujjf/yo_mama_so_fat/,1598730207.0,submission,Thanos had to clap
10,disbitchbob,2020-08-29 15:43:17,https://reddit.com/r/Jokes/comments/iiujfc/whats_the_difference_between_a_zit_and_a_priest/,1,Jokes,What's the difference between a zit and a priest,https://www.reddit.com/r/Jokes/comments/iiujfc/whats_the_difference_between_a_zit_and_a_priest/,1598730197.0,submission,A zit waits until you're a teenager to cum on your face
11,PoisonousTea,2020-08-29 15:42:46,https://reddit.com/r/Jokes/comments/iiuj42/did_i_fuck_a_chines_cebirty/,1,Jokes,Did i fuck a Chines cebirty?,https://www.reddit.com/r/Jokes/comments/iiuj42/did_i_fuck_a_chines_cebirty/,1598730166.0,submission,"She kept screaming ""I am Wei Tu Yung""

Do you know who ""Wei Tu Yung"" is?"
12,disbitchbob,2020-08-29 15:40:42,https://reddit.com/r/Jokes/comments/iiuhut/what_can_you_give_for_christmas_but_still_keep/,1,Jokes,What can you give for Christmas but still keep for you,https://www.reddit.com/r/Jokes/comments/iiuhut/what_can_you_give_for_christmas_but_still_keep/,1598730042.0,submission,AIDS
13,lemieszek,2020-08-29 15:39:44,https://reddit.com/r/Jokes/comments/iiuh7g/how_do_you_get_a_bunch_of_elderly_ladies_to_say/,1,Jokes,"How do you get a bunch of elderly ladies to say ""shit!""?",https://www.reddit.com/r/Jokes/comments/iiuh7g/how_do_you_get_a_bunch_of_elderly_ladies_to_say/,1598729984.0,submission,"Just shout ""bingo!"""
14,disbitchbob,2020-08-29 15:39:33,https://reddit.com/r/Jokes/comments/iiuh3t/what_do_you_call_a_cheap_circumcision/,1,Jokes,What do you call a cheap circumcision,https://www.reddit.com/r/Jokes/comments/iiuh3t/what_do_you_call_a_cheap_circumcision/,1598729973.0,submission,A rip off
15,cellar_door_404,2020-08-29 15:39:29,https://reddit.com/r/Jokes/comments/iiuh26/whats_the_difference_between_a_zebra_and_princess/,1,Jokes,What’s the difference between a zebra and Princess Diana’s cat?,https://www.reddit.com/r/Jokes/comments/iiuh26/whats_the_difference_between_a_zebra_and_princess/,1598729969.0,submission,"One is black and white and eats like a horse, the other is black and white and hasn’t been fed for 24 years 😂😭🤧"
16,disbitchbob,2020-08-29 15:37:06,https://reddit.com/r/Jokes/comments/iiufkx/whats_the_difference_between_your_job_and_a_dead/,1,Jokes,What's the difference between your job and a dead prostitute,https://www.reddit.com/r/Jokes/comments/iiufkx/whats_the_difference_between_your_job_and_a_dead/,1598729826.0,submission,Your job still sucks
17,donut_approach,2020-08-29 15:31:15,https://reddit.com/r/Jokes/comments/iiubrw/you_know_how_you_dont_want_to_do_something_after/,1,Jokes,you know how you dont want to do something after being told to do it?,https://www.reddit.com/r/Jokes/comments/iiubrw/you_know_how_you_dont_want_to_do_something_after/,1598729475.0,submission,"well, i wanted to do my mom but she begged me to do it before i put it in. and im still doing her?"
18,RoadwearyMoses,2020-08-29 15:31:13,https://reddit.com/r/Jokes/comments/iiubqp/a_stereotypically_diverse_dance_crew_walks_into_a/,1,Jokes,A stereotypically diverse dance crew walks into a bar,https://www.reddit.com/r/Jokes/comments/iiubqp/a_stereotypically_diverse_dance_crew_walks_into_a/,1598729473.0,submission,"The bartender asks ""What will it be?""

They reply ""Challenge"" 

The bar staff leap into formation and as the beat spins up, launch into their routines. They freeze and
The challengers respond. It is clear they are superior. The respect in the eyes of the bar staff is real. 

Finished now, the bartender Gives them their props and says. ""Now what can I get for you?""

And they respond.  Nothing at all man, You don't serve our kind in here."
19,lemieszek,2020-08-29 15:30:27,https://reddit.com/r/Jokes/comments/iiub7r/honey_the_clock_over_the_doorway_fell_from_the/,1,Jokes,"""Honey, the clock over the doorway fell from the wall and just barely missed mom's head!""",https://www.reddit.com/r/Jokes/comments/iiub7r/honey_the_clock_over_the_doorway_fell_from_the/,1598729427.0,submission,"""Crap, that damn clock is always late!"""
20,usculler,2020-08-29 15:29:01,https://reddit.com/r/Jokes/comments/iiuaa5/i_finally_found_my_dream_job/,1,Jokes,I finally found my dream job,https://www.reddit.com/r/Jokes/comments/iiuaa5/i_finally_found_my_dream_job/,1598729341.0,submission,Oneiromancy.
21,batmans_apprentice,2020-08-29 15:29:00,https://reddit.com/r/Jokes/comments/iiua9p/a_reddit_user_a_reddit_user_and_a_reddit_user/,1,Jokes,"A Reddit user, a Reddit user, and a Reddit user walk into a bar.",https://www.reddit.com/r/Jokes/comments/iiua9p/a_reddit_user_a_reddit_user_and_a_reddit_user/,1598729340.0,submission,"The first one orders a coke. Five minutes later the second one orders a coke and the whole bar starts cheering, another five minutes later the third one orders a coke and the whole city erupts in thunderous applause.



Edit: whoever wasted money on giving me silver, I'd like you to know that I'm grateful, but please, buy yourself something useful with that money next time

Edit 2: FOR FUCKS SAKES GUYS, I know I said that the first guy was wasting his/her money but please, stop this madness

Edit 3: after turning off comment notifications for obvious reasons I expected that I wouldn't have to worry about my phone vibrating so much, however it appears that you've found a way around that, as my phone vibrates every time I get an award. Please guys, let me sleep lol"
22,AdvancedSyrup69,2020-08-29 15:28:16,https://reddit.com/r/Jokes/comments/iiu9ub/what_do_you_call_a_reditor_who_has_no_self/,1,Jokes,What do you call a reditor who has no self enjoyment? No seriously I want to know.,https://www.reddit.com/r/Jokes/comments/iiu9ub/what_do_you_call_a_reditor_who_has_no_self/,1598729296.0,submission,[removed]
23,theFormulaSurfer,2020-08-29 15:27:25,https://reddit.com/r/Jokes/comments/iiu9bb/girl_come_over/,1,Jokes,Girl: Come over,https://www.reddit.com/r/Jokes/comments/iiu9bb/girl_come_over/,1598729245.0,submission,"Guy: Can’t
Girl: No one’s home
Guy: *goes there*

No one’s home."
24,XeAnDev,2020-08-29 15:26:20,https://reddit.com/r/Jokes/comments/iiu8mq/hey_you_do_you_put_nail_polish_on_your_butt/,1,Jokes,"Hey you, do you put nail polish on your butt?",https://www.reddit.com/r/Jokes/comments/iiu8mq/hey_you_do_you_put_nail_polish_on_your_butt/,1598729180.0,submission,'Cause that acetone.
25,Midday_MoonMoon,2020-08-29 15:21:44,https://reddit.com/r/Jokes/comments/iiu5p0/a_priest_once_said_in_his_sermon/,1,Jokes,A priest once said in his sermon:,https://www.reddit.com/r/Jokes/comments/iiu5p0/a_priest_once_said_in_his_sermon/,1598728904.0,submission,"My people! Today it's the 24th of March. It's a very important day for Christianity!
Many years ago, on this day, an angel came to Mary and said ""Mary, 9 months from now you will have a child"". And ""bam"", Mary got pregnant."
26,I-POOP-RAINBOWS,2020-08-29 15:18:09,https://reddit.com/r/Jokes/comments/iiu3h7/what_are_people_who_doesnt_like_rice_called/,1,Jokes,What are people who doesn't like rice called?,https://www.reddit.com/r/Jokes/comments/iiu3h7/what_are_people_who_doesnt_like_rice_called/,1598728689.0,submission,Ricists.
27,Nairyssa,2020-08-29 15:16:29,https://reddit.com/r/Jokes/comments/iiu2ht/my_wife_said_she_would_be_pissed_at_me_if_i_named/,1,Jokes,My wife said she would be pissed at me if I named our dog a silly name.,https://www.reddit.com/r/Jokes/comments/iiu2ht/my_wife_said_she_would_be_pissed_at_me_if_i_named/,1598728589.0,submission,So I called her Bluff.
28,silent_femme,2020-08-29 15:16:27,https://reddit.com/r/Jokes/comments/iiu2gu/if_the_porn_industry_had_a_royal_family_what/,1,Jokes,"If the porn industry had a Royal Family, what would their residence/headquarters be named?",https://www.reddit.com/r/Jokes/comments/iiu2gu/if_the_porn_industry_had_a_royal_family_what/,1598728587.0,submission,Fuckingham Palace.
29,highlandpaddy23,2020-08-29 15:14:42,https://reddit.com/r/Jokes/comments/iiu1ev/a_man_goes_to_his_doctor_and_says_that_hes_half/,1,Jokes,A man goes to his doctor and says that he's half deaf..,https://www.reddit.com/r/Jokes/comments/iiu1ev/a_man_goes_to_his_doctor_and_says_that_hes_half/,1598728482.0,submission,"After examining the man the doctor couldn't find anything wrong. He told the man he was going to try something unusual. He directed the man to go to the end of the hall, listen for the number the doctor yells and repeat it back to him. 

The man makes his way out to the end of the hall and shouts in ""I'm ready. Tell me the number!"".

""Okay."" the doctor said, ""44!""

""22!"" said the man."
30,IllBread1730,2020-08-29 15:13:46,https://reddit.com/r/Jokes/comments/iiu0t3/what_do_you_call_a_dog_who_does_magic_tricks/,1,Jokes,What do you call a dog who does magic tricks?,https://www.reddit.com/r/Jokes/comments/iiu0t3/what_do_you_call_a_dog_who_does_magic_tricks/,1598728426.0,submission,Hound-ini!
31,therealantonsmith,2020-08-29 15:13:04,https://reddit.com/r/Jokes/comments/iiu0e6/for_the_last_10_years_95_of_chevys_are_still_on/,1,Jokes,"For the Last 10 years, 95% of Chevy's are still on the road today.",https://www.reddit.com/r/Jokes/comments/iiu0e6/for_the_last_10_years_95_of_chevys_are_still_on/,1598728384.0,submission,[removed]
32,Cambo901,2020-08-29 15:09:52,https://reddit.com/r/Jokes/comments/iityd9/a_french_man_visits_his_friend_in_morocco/,1,Jokes,A french man visits his friend in Morocco,https://www.reddit.com/r/Jokes/comments/iityd9/a_french_man_visits_his_friend_in_morocco/,1598728192.0,submission,"After a long flight, and being starved on the plane, he becomes very hungry. He stops at a local Moroccan cuisine restaurant. Unfamiliar with the food, he orders Moroccan Tacos. He finds it rather difficult speaking French in Morocco, especially with his stutter.

The Taco did not sit well with him. Having to use the bathroom, he quickly bolted to the stalls. Unfortunately, he finds it very hard to rid himself with so much noise. He has to plug his ears. The French man is used to ridding himself in quiet environments and finds it uncomfortable with all the noise.

Later on, he arrives at his friends house. Needing to take a shower, he bids his friend good night and goes into the shower room. Upon taking his clothes off, he realized that he had to take a shit again.

His friend not hearing and understanding him goes up to the bathroom to ask him to repeat himself. Noticing the door was locked, he shouted “What are you doing?”.

The man then answered “ Shhhh! ....I’m....Pooing!”

The Moroccan friend, stood bewildered, wondering what the man meant by telling him “Shampoo” in French. 

“What the fuck does that mean?”

“Ahh..are ya...you stupid. a...aa.. or something?.... Sha..tha...fuk....up. Im ...pa pa.. Pooing!”"
33,yellowsquaresponge,2020-08-29 15:08:40,https://reddit.com/r/Jokes/comments/iitxmb/i_have_a_friend_who_is_transgender/,1,Jokes,I have a friend who is transgender.,https://www.reddit.com/r/Jokes/comments/iitxmb/i_have_a_friend_who_is_transgender/,1598728120.0,submission,He used to be a total dick but now he’s a cunt
34,damnitsdeirdre,2020-08-29 15:06:49,https://reddit.com/r/Jokes/comments/iitwin/what_do_you_call_a_reddit_post_with_with_a_bunch/,1,Jokes,What do you call a reddit post with with a bunch of fresh accounts spewing transphobia?,https://www.reddit.com/r/Jokes/comments/iitwin/what_do_you_call_a_reddit_post_with_with_a_bunch/,1598728009.0,submission,An astroterf.
35,Mystical__flame,2020-08-29 15:05:55,https://reddit.com/r/Jokes/comments/iitvxu/i_lost_my_virginity_to_this_girl_i_just_met_at_a/,1,Jokes,I lost my virginity to this girl I just met at a gathering,https://www.reddit.com/r/Jokes/comments/iitvxu/i_lost_my_virginity_to_this_girl_i_just_met_at_a/,1598727955.0,submission,Best family reunion ever
36,NopeNopeNope2020,2020-08-29 15:05:11,https://reddit.com/r/Jokes/comments/iitvgy/donald_trump_walks_into_a_bar/,1,Jokes,Donald Trump walks into a bar,https://www.reddit.com/r/Jokes/comments/iitvgy/donald_trump_walks_into_a_bar/,1598727911.0,submission,"The bartender says, ""Get the fuck out of here you motherfucking asshole."""
37,Dickchill,2020-08-29 15:04:07,https://reddit.com/r/Jokes/comments/iitur7/whats_brown_and_sticky/,1,Jokes,What’s brown and sticky?,https://www.reddit.com/r/Jokes/comments/iitur7/whats_brown_and_sticky/,1598727847.0,submission,[removed]
38,Bobopalace,2020-08-29 14:58:45,https://reddit.com/r/Jokes/comments/iitra0/whats_the_difference_between_my_wife_and_my/,1,Jokes,What’s the difference between my wife and my computer?,https://www.reddit.com/r/Jokes/comments/iitra0/whats_the_difference_between_my_wife_and_my/,1598727525.0,submission,I don’t beat my computer when I get angry with it
39,verwandlungsamsa,2020-08-29 14:57:28,https://reddit.com/r/Jokes/comments/iitqjg/a_grasshopper_walks_into_a_bar/,1,Jokes,A grasshopper walks into a bar,https://www.reddit.com/r/Jokes/comments/iitqjg/a_grasshopper_walks_into_a_bar/,1598727448.0,submission,"A grasshopper walks into a bar and sits down. The bartender looks at him and says “we got a drink here named after you."" The grasshopper looks up surprised, ""you’ve got a drink named Steve?!”"
40,GD_mrperson,2020-08-29 14:57:23,https://reddit.com/r/Jokes/comments/iitqhs/what_do_you_get_when_you_make_hundreds_of_animals/,1,Jokes,What do you get when you make hundreds of animals fuck each other in incredibly close proximity?,https://www.reddit.com/r/Jokes/comments/iitqhs/what_do_you_get_when_you_make_hundreds_of_animals/,1598727443.0,submission,Lag.
41,NopeNopeNope2020,2020-08-29 14:54:20,https://reddit.com/r/Jokes/comments/iitorq/im_taking_a_greek_mythology_class_in_college_and/,1,Jokes,I'm taking a Greek Mythology class in college and it's ruining my G.P.A.,https://www.reddit.com/r/Jokes/comments/iitorq/im_taking_a_greek_mythology_class_in_college_and/,1598727260.0,submission,I guess you could call it my Achilles' aorta.
42,weaverl47,2020-08-29 14:52:31,https://reddit.com/r/Jokes/comments/iitnri/new_covid_test/,1,Jokes,New Covid Test,https://www.reddit.com/r/Jokes/comments/iitnri/new_covid_test/,1598727151.0,submission,"A new and easy self test for the horror of Covid 19 is doing the rounds and it's simple, quick and positive (or negative if you see what I mean).
Take a glass and pour a decent dram of your favorite whisky into it; then see if you can smell it.  If you can, then you are halfway there.
Then drink it. If you can taste it then it is reasonable to assume you are currently free of the virus because the loss of the sense of smell and taste is a common symptom.
I tested myself 7 times last night and was virus free every time, thank goodness.
I will have to test myself again today because I have developed a throbbing headache which can also be one of the symptoms.
I'll report my results later."
43,bleepinhacker,2020-08-29 14:52:28,https://reddit.com/r/Jokes/comments/iitnq5/size_doesnt_matter/,1,Jokes,Size doesn't matter,https://www.reddit.com/r/Jokes/comments/iitnq5/size_doesnt_matter/,1598727148.0,submission,What matters is how you use it.
44,MrDisorderly,2020-08-29 14:51:27,https://reddit.com/r/Jokes/comments/iitn5q/a_korean_man_is_wanted_in_connection_with_his/,1,Jokes,A Korean man is wanted in connection with his wife’s disappearance.,https://www.reddit.com/r/Jokes/comments/iitn5q/a_korean_man_is_wanted_in_connection_with_his/,1598727087.0,submission,He is the Seoul suspect.
45,MrDisorderly,2020-08-29 14:49:10,https://reddit.com/r/Jokes/comments/iitlvd/i_just_seen_the_guy_from_the_fantastic_4_movies/,1,Jokes,I just seen the guy from the fantastic 4 movies at the gas station.,https://www.reddit.com/r/Jokes/comments/iitlvd/i_just_seen_the_guy_from_the_fantastic_4_movies/,1598726950.0,submission,You know the human torch.. I tried to get his autograph but he just kept on rolling around on the floor screaming.
46,wandaYeet,2020-08-29 14:46:35,https://reddit.com/r/Jokes/comments/iitkes/yo_mama_so_big_that/,1,Jokes,Yo mama so big that,https://www.reddit.com/r/Jokes/comments/iitkes/yo_mama_so_big_that/,1598726795.0,submission,Yo mama she needs two jokes to finish the joke.
47,prof_devilsadvocate,2020-08-29 14:46:14,https://reddit.com/r/Jokes/comments/iitk7b/just_for_humour_a_confused_chinese_student_asks/,1,Jokes,just for humour/ A confused chinese student asks his master:,https://www.reddit.com/r/Jokes/comments/iitk7b/just_for_humour_a_confused_chinese_student_asks/,1598726774.0,submission,"""Master Shi, why do all chinese look the same?"" Then the master replied : ""I am not master Shi'."
48,Kalajasavakuy,2020-08-29 14:46:05,https://reddit.com/r/Jokes/comments/iitk4f/just_heard_chadwick_boseman_died/,1,Jokes,Just heard Chadwick Boseman died.,https://www.reddit.com/r/Jokes/comments/iitk4f/just_heard_chadwick_boseman_died/,1598726765.0,submission,"So, Wakanda cancer did he have?"
49,MrDisorderly,2020-08-29 14:45:58,https://reddit.com/r/Jokes/comments/iitk2c/someone_asked_me_if_i_would_care_for_an_orange/,1,Jokes,Someone asked me if “I would care for an orange” ?,https://www.reddit.com/r/Jokes/comments/iitk2c/someone_asked_me_if_i_would_care_for_an_orange/,1598726758.0,submission,I said “if it needed me”.
50,-_stijn,2020-08-29 14:41:54,https://reddit.com/r/Jokes/comments/iithn9/a_woman_is_like_2_pieces_of_bread/,1,Jokes,a woman is like 2 pieces of bread,https://www.reddit.com/r/Jokes/comments/iithn9/a_woman_is_like_2_pieces_of_bread/,1598726514.0,submission,ain’t much until you stick something in between
51,husbus,2020-08-29 14:39:36,https://reddit.com/r/Jokes/comments/iitgf7/damn_girl_are_you_a_piñata/,1,Jokes,"Damn girl, are you a piñata?",https://www.reddit.com/r/Jokes/comments/iitgf7/damn_girl_are_you_a_piñata/,1598726376.0,submission,Cuz imma beat you with a bat until you give me candy
52,Reddnekkid,2020-08-29 14:38:42,https://reddit.com/r/Jokes/comments/iitfvy/how_do_you_get_a_dog_to_stop_humping_your_leg/,1,Jokes,How do you get a dog to stop humping your leg?,https://www.reddit.com/r/Jokes/comments/iitfvy/how_do_you_get_a_dog_to_stop_humping_your_leg/,1598726322.0,submission,Pick it up and suck it’s little pecker.
53,Reukwon,2020-08-29 14:38:12,https://reddit.com/r/Jokes/comments/iitfks/penguin_goes_to_the_mechanic/,1,Jokes,Penguin goes to the mechanic,https://www.reddit.com/r/Jokes/comments/iitfks/penguin_goes_to_the_mechanic/,1598726292.0,submission,"A penguin is driving on the highway on the way to a conference when his car breaks down.  He calls a tow truck who brings he and his car to a mechanic in a little nearby town.  The mechanic says to the penguin “We’ll give you a call when we figure it out.  Feel free to go walk around town in the meantime”.  So the penguin goes walking around town and then grabs some ice cream before the mechanic calls him to come back to the shop.  “Well” says the mechanic, “it looks like you blew a seal”.  The penguin looks at the mechanic, touches his face and says “no, that’s just ice cream.”"
54,fourchimney,2020-08-29 14:37:35,https://reddit.com/r/Jokes/comments/iitf7p/why_dont_italians_like_jehovahs_witnesses/,1,Jokes,Why don't Italians like Jehovah's Witnesses?,https://www.reddit.com/r/Jokes/comments/iitf7p/why_dont_italians_like_jehovahs_witnesses/,1598726255.0,submission,Italians don't like ANY witnesses.
55,SarcasticSarco,2020-08-29 14:37:22,https://reddit.com/r/Jokes/comments/iitf2b/one_christmas_night_santa_claus_was_slapped_by_a/,1,Jokes,One Christmas night Santa Claus was slapped by a woman. [NSFW],https://www.reddit.com/r/Jokes/comments/iitf2b/one_christmas_night_santa_claus_was_slapped_by_a/,1598726242.0,submission,"Because when he entered the house through the chimney. 
He shouted, ""Ho! Ho! Ho!"" then, all the family members were shocked."
56,Xenophrontistes,2020-08-29 14:36:21,https://reddit.com/r/Jokes/comments/iitegh/girl_come_over/,1,Jokes,Girl: Come over,https://www.reddit.com/r/Jokes/comments/iitegh/girl_come_over/,1598726181.0,submission,That's it.
57,Mighty_Lord6,2020-08-29 14:36:20,https://reddit.com/r/Jokes/comments/iiteg6/whats_the_difference_between_an_american_and_a/,1,Jokes,What's the difference between an American and a computer,https://www.reddit.com/r/Jokes/comments/iiteg6/whats_the_difference_between_an_american_and_a/,1598726180.0,submission,An American doesn't have trouble-shooting.
58,Elladel,2020-08-29 14:35:31,https://reddit.com/r/Jokes/comments/iitdzh/i_buried_my_viagra_to_see_what_would_happen/,1,Jokes,I buried my viagra to see what would happen...,https://www.reddit.com/r/Jokes/comments/iitdzh/i_buried_my_viagra_to_see_what_would_happen/,1598726131.0,submission,Now my plants won't stop rooting each other.
59,Corleone_Michael,2020-08-29 14:32:42,https://reddit.com/r/Jokes/comments/iitccj/atheism_and_religion_are_but_two_sides_of_the/,1,Jokes,Atheism and Religion are but two sides of the same coin,https://www.reddit.com/r/Jokes/comments/iitccj/atheism_and_religion_are_but_two_sides_of_the/,1598725962.0,submission,"One prefers to use it's head, while the other relies on tales."
60,TossThisItem,2020-08-29 14:31:12,https://reddit.com/r/Jokes/comments/iitbeo/what_did_the_espresso_say_to_the_americano/,1,Jokes,What did the espresso say to the americano?,https://www.reddit.com/r/Jokes/comments/iitbeo/what_did_the_espresso_say_to_the_americano/,1598725872.0,submission,"Hey, why the long drink?"
61,MisterDangerly,2020-08-29 14:30:47,https://reddit.com/r/Jokes/comments/iitb70/beastiality_is_wrong/,1,Jokes,Beastiality is wrong!,https://www.reddit.com/r/Jokes/comments/iitb70/beastiality_is_wrong/,1598725847.0,submission,"It’s spelled ‘Bestiality’

Took me awhile to figure that out when I was googling it."
62,FloatingDoggy,2020-08-29 14:26:57,https://reddit.com/r/Jokes/comments/iit92l/what_did_the_redditor_say_after_detonating_a_bomb/,1,Jokes,What did the redditor say after detonating a bomb in a bank?,https://www.reddit.com/r/Jokes/comments/iit92l/what_did_the_redditor_say_after_detonating_a_bomb/,1598725617.0,submission,"

Nothing, he tried to repost a meme and fucking died"
63,snikersoniscon,2020-08-29 14:25:48,https://reddit.com/r/Jokes/comments/iit8g6/2020/,1,Jokes,2020,https://www.reddit.com/r/Jokes/comments/iit8g6/2020/,1598725548.0,submission,"Black Mamba, Black Panther... run Jack Black, run!"
64,vader56,2020-08-29 14:20:33,https://reddit.com/r/Jokes/comments/iit5c4/a_man_walks_into_a_bar/,1,Jokes,A man walks into a bar..,https://www.reddit.com/r/Jokes/comments/iit5c4/a_man_walks_into_a_bar/,1598725233.0,submission,"A man walks into a bar and orders 5 double whiskeys on the rocks. The man then proceeds to down the whiskeys almost instantly. The barman looks surprised and says wow you didn’t take long to finish them! 

The man relies, well if you had what I had you wouldn’t wait around either. The bar man feeling somewhat sympathetic says why, what do you have? 

The man looks him dead in the eye and says $1"
65,alvinluan22,2020-08-29 14:19:48,https://reddit.com/r/Jokes/comments/iit4we/one_bedroom_homes/,1,Jokes,One bedroom homes,https://www.reddit.com/r/Jokes/comments/iit4we/one_bedroom_homes/,1598725188.0,submission,"Families living in one-bedroom homes.

One night a couple wanted to make love, and so they had their child look the window. As the couple made love, the child continued to look out the window without turning around.

When the couple was done, the father asked the child “so, what did you see out the window?”

The child replied “the neighbors were making love too.”

Confused, the father asked “how could you tell?”

The child answered “their kid was looking at me from their window too.”"
66,Corleone_Michael,2020-08-29 14:15:12,https://reddit.com/r/Jokes/comments/iit2c0/this_coffee_tastes_like_dirt/,1,Jokes,"""This coffee tastes like dirt!""",https://www.reddit.com/r/Jokes/comments/iit2c0/this_coffee_tastes_like_dirt/,1598724912.0,submission,"""What did you expect, it was ground this morning!"""
67,Zetafunction64,2020-08-29 14:12:19,https://reddit.com/r/Jokes/comments/iit0sl/little_john_and_tim_were_playing_in_the_yard/,1,Jokes,Little John and Tim were playing in the yard...,https://www.reddit.com/r/Jokes/comments/iit0sl/little_john_and_tim_were_playing_in_the_yard/,1598724739.0,submission,"Little John and Tim were playing in the yard, when they accidentally sent the ball to the neighbors yard. Tim went there  to fetch it, but after a while, he came running with eyes closed tightly.

John: Hey, what happened?

Tim: Mrs. Richards is sunbathing there, naked.

John: Yah,so?

Tim: Mom said if I look at a naked woman, my body will turn into stone. I could feel that starting to happen"
68,Notional-,2020-08-29 14:12:06,https://reddit.com/r/Jokes/comments/iit0od/why_didnt_ash_ketchum_have_any_cheques/,1,Jokes,Why didn't Ash Ketchum have any cheques?,https://www.reddit.com/r/Jokes/comments/iit0od/why_didnt_ash_ketchum_have_any_cheques/,1598724726.0,submission,"He cashed them all.


Sorry."
69,NopeNopeNope2020,2020-08-29 14:11:45,https://reddit.com/r/Jokes/comments/iit0hq/two_rjokes_redditors_see_each_other_on_the_street/,1,Jokes,Two r/Jokes redditors see each other on the street.,https://www.reddit.com/r/Jokes/comments/iit0hq/two_rjokes_redditors_see_each_other_on_the_street/,1598724705.0,submission," The first redditor says, ""Hey! Hi! How are you doing? Haven't seen you in years!""

The second redditor says, ""Hey! Hi! How are you doing? Haven't seen you in years!"""
70,mougy,2020-08-29 14:11:33,https://reddit.com/r/Jokes/comments/iit0e8/a_man_who_has_a_weak_heart_won_10_million_dollars/,1,Jokes,A man who has a weak heart won 10 million dollars in the lottery.,https://www.reddit.com/r/Jokes/comments/iit0e8/a_man_who_has_a_weak_heart_won_10_million_dollars/,1598724693.0,submission,"They were afraid if they told him he would die from excitement. So the mayor told them not to worry and he will be the one to tell him.

So the mayor said ""hey John, what would you do if you win 10 million dollars"".
Jhon ""if that ever happened, I will give you half of them""

The mayor died."
71,NopeNopeNope2020,2020-08-29 14:10:37,https://reddit.com/r/Jokes/comments/iiszy4/two_rjokes_redditors_seet_each_other_on_the_street/,1,Jokes,Two r/Jokes redditors seet each other on the street.,https://www.reddit.com/r/Jokes/comments/iiszy4/two_rjokes_redditors_seet_each_other_on_the_street/,1598724637.0,submission,"The first redditor says, ""Hey! Hi! How are you doing? Haven't seen you in years!""

The second redditor says, ""Hey! Hi! How are you doing? Haven't seen you in years!"""
72,itshari,2020-08-29 14:09:45,https://reddit.com/r/Jokes/comments/iiszi3/taxi_passenger/,1,Jokes,Taxi passenger,https://www.reddit.com/r/Jokes/comments/iiszi3/taxi_passenger/,1598724585.0,submission,"A taxi passenger tapped the driver on the shoulder to ask him a question. The driver screamed, lost control of the car, nearly hit a bus, went up on the footpath, and stopped centimetres from a shop window.

For a second everything went quiet in the cab, then the driver said, “Look mate, don’t ever do that again. You scared the daylights out of me!” The passenger apologized and said, “I didn’t realize that a little tap would scare you so much. “The driver replied, “Sorry, it’s not really your fault. Today is my first day as a cab driver. I’ve been driving a hearse for the last 25 years.”"
73,therapistfunder,2020-08-29 14:09:08,https://reddit.com/r/Jokes/comments/iisz5j/she_asked_me_to_put_it_back_in_after_i_nutted/,1,Jokes,She asked me to put it back in after I nutted,https://www.reddit.com/r/Jokes/comments/iisz5j/she_asked_me_to_put_it_back_in_after_i_nutted/,1598724548.0,submission,"“If you’re done, you should store that body in the cooling cell again, otherwise it will rot!” the coroner shouted."
74,haHAABrick,2020-08-29 14:08:44,https://reddit.com/r/Jokes/comments/iisyyg/so_theres_uproar_that_bella_thorne_is_scamming_on/,1,Jokes,So Theres Uproar That Bella Thorne Is Scamming On OnlyFans,https://www.reddit.com/r/Jokes/comments/iisyyg/so_theres_uproar_that_bella_thorne_is_scamming_on/,1598724524.0,submission,"But She's A Sex Worker, Its Her Job To Fuck You."
75,GhostsoldierYT,2020-08-29 14:05:40,https://reddit.com/r/Jokes/comments/iisx8s/what_did_the_redditor_say_after_robbing_a_person/,1,Jokes,What did the redditor say after robbing a person using a baby filled with nitroglycerin?,https://www.reddit.com/r/Jokes/comments/iisx8s/what_did_the_redditor_say_after_robbing_a_person/,1598724340.0,submission,"Wow this blew up, thanks for the gold!"
76,Friedeggs15,2020-08-29 14:04:38,https://reddit.com/r/Jokes/comments/iiswop/a_guy_is_at_a_party_on_the_second_floor_of_a/,1,Jokes,"A guy is at a party on the second floor of a house, and he’s very drunk.",https://www.reddit.com/r/Jokes/comments/iiswop/a_guy_is_at_a_party_on_the_second_floor_of_a/,1598724278.0,submission,"The guy falls out the window of the house and lands on the sidewalk. There just happens to be another person walking on the same sidewalk a few feet away.

“What happened?” The guy walking says.

The drunk looks up at him and says, “I don’t know, I just got here!”"
77,samfield98,2020-08-29 14:03:41,https://reddit.com/r/Jokes/comments/iisw4z/why_do_german_shower_heads_have_eleven_holes/,1,Jokes,Why do German shower heads have eleven holes ?,https://www.reddit.com/r/Jokes/comments/iisw4z/why_do_german_shower_heads_have_eleven_holes/,1598724221.0,submission,Because Jews only have ten fingers !
78,DrBoomkin,2020-08-29 14:02:37,https://reddit.com/r/Jokes/comments/iisvka/russian_joke_a_tourist_gets_pulled_over_by_a_cop/,1,Jokes,Russian joke: a tourist gets pulled over by a cop in Russia.,https://www.reddit.com/r/Jokes/comments/iisvka/russian_joke_a_tourist_gets_pulled_over_by_a_cop/,1598724157.0,submission,"Cop: You were speeding! I am going to confiscate your driver's license and I'm calling for a tow truck to take away your car.

Tourist: But I need to get to the airport and the car is a rental! 

Cop: I dont care.

Tourist: Please, be be reasonable, you cant do this!

Cop: Well, you can file an appeal. Here write it on this paper, but it has to be in Russian.

Tourist: But I dont know any Russian!

Cop: Not my problem.

The tourist takes the piece of paper and starts pacing around the car. In desperation, he takes a $50 bill out of his wallet, wraps it in the paper and hands it to the cop.

Cop: I see you already wrote half of the appeal! And you said you didn't know any Russian!"
79,energyvampire1,2020-08-29 14:02:22,https://reddit.com/r/Jokes/comments/iisvet/i_hate_people_who_make_fun_of_uranus_by_calling/,1,Jokes,I hate people who make fun of Uranus by calling it names like your anus. I always tell these people:,https://www.reddit.com/r/Jokes/comments/iisvet/i_hate_people_who_make_fun_of_uranus_by_calling/,1598724142.0,submission,You're heinous.
80,Potato_monkey1,2020-08-29 14:01:00,https://reddit.com/r/Jokes/comments/iisum6/what_do_you_call_a_psychic_midget_who_just_broke/,1,Jokes,What do you call a psychic midget who just broke out of jail,https://www.reddit.com/r/Jokes/comments/iisum6/what_do_you_call_a_psychic_midget_who_just_broke/,1598724060.0,submission,A small medium at large
81,yogo_the_cat,2020-08-29 14:00:25,https://reddit.com/r/Jokes/comments/iisubd/a_woman_on_vacation_rings_home/,1,Jokes,A woman on Vacation rings home,https://www.reddit.com/r/Jokes/comments/iisubd/a_woman_on_vacation_rings_home/,1598724025.0,submission,"She asks her husband, ""How’s my cat doing?""

The husband says, ""The cat’s dead.""

The woman’s upset and says, ""Well, you could have broken the news to me when I got home. I can’t enjoy my vacation now. You could’ve just said a little white lie, like the cat’s on the roof and you can’t get her down.""

""Okay, I’m sorry,"" says the husband, ""I’ll remember that.""

The woman says, ""Anyway, how’s my mother doing?""

The husband says, ""Your mother’s on the roof and we can’t get her down."""
82,Imadethisformyself,2020-08-29 13:57:35,https://reddit.com/r/Jokes/comments/iissr4/the_2020_us_presidential_election/,1,Jokes,The 2020 US Presidential Election,https://www.reddit.com/r/Jokes/comments/iissr4/the_2020_us_presidential_election/,1598723855.0,submission,[removed]
83,_prince_akin,2020-08-29 13:55:58,https://reddit.com/r/Jokes/comments/iisrwa/how_many_psychiatrists_does_it_take_to_screw_in_a/,1,Jokes,How many psychiatrists does it take to screw in a lightbulb?,https://www.reddit.com/r/Jokes/comments/iisrwa/how_many_psychiatrists_does_it_take_to_screw_in_a/,1598723758.0,submission,"Just one, but the lightbulb has to want to change."
84,[deleted],2020-08-29 13:53:57,https://reddit.com/r/Jokes/comments/iisqss/test_gmmfm_bhk/,1,Jokes,Test gmmfm bhk,https://www.reddit.com/r/Jokes/comments/iisqss/test_gmmfm_bhk/,1598723637.0,submission,[deleted]
85,LennerKetty,2020-08-29 13:53:36,https://reddit.com/r/Jokes/comments/iisqmp/what_did_the_buffalo_say_to_his_kid_when_he_left/,1,Jokes,What did the buffalo say to his kid when he left for work?,https://www.reddit.com/r/Jokes/comments/iisqmp/what_did_the_buffalo_say_to_his_kid_when_he_left/,1598723616.0,submission,Bison
86,littlebuster22,2020-08-29 13:50:00,https://reddit.com/r/Jokes/comments/iisor0/a_nudist_gets_on_a_bus_full_of_nuns/,1,Jokes,A nudist gets on a bus full of nuns.,https://www.reddit.com/r/Jokes/comments/iisor0/a_nudist_gets_on_a_bus_full_of_nuns/,1598723400.0,submission,"One had a stroke, the other couldn't reach."
87,MudakMudakov,2020-08-29 13:47:12,https://reddit.com/r/Jokes/comments/iisna9/a_15year_old_boy_came_home_with_a_porsche/,1,Jokes,A 15-year old boy came home with a Porsche.,https://www.reddit.com/r/Jokes/comments/iisna9/a_15year_old_boy_came_home_with_a_porsche/,1598723232.0,submission,"His parents began to yell and scream. “Where did you get that car?”

He calmly told them, “I bought it today.”

“With what money?” Demanded his parents. “We know how much a Porsche costs!”

“Well,” said the boy, “this one cost me fifteen dollars.”

The parents began to yell even louder. “Who would sell a car like this for fifteen dollars!?” They asked.

“It was the lady up the street,” said the boy, “don’t know her name— they just moved in. She saw me ride past on my bike and asked me if I wanted to buy a Porsche for fifteen dollars.”

“Oh my goodness!” Gasped the mother, “she must be a child abuser! Who knows what she will do next? John, you go right up there and see what’s going on.”

So the boy’s father walked up the street to the house where the lady lived and found her out in her yard calmly planting flowers. He introduced himself as the father of the boy she sold the Porsche to for fifteen dollars and demanded to know why.

“Well,” she said, “this morning I got a phone call from my husband. I thought he was on a business trip, but I learned from a friend he has run off to Hawaii with his secretary and really doesn’t intend to come back. He claimed he was really stranded and asked me to sell his new Porsche and send him the money. So I did.”"
88,Butterflies_Books,2020-08-29 13:42:07,https://reddit.com/r/Jokes/comments/iisklx/two_old_grannies_were_waiting_for_the_bus/,1,Jokes,Two old grannies were waiting for the bus.,https://www.reddit.com/r/Jokes/comments/iisklx/two_old_grannies_were_waiting_for_the_bus/,1598722927.0,submission,"The buses were running late and a lot of time passed. One grandma turned to the other and said, ""You know, I've been sitting here for almost two hours. It's been so long that even my butt went to sleep.

""I know,"", the other granny replied. ""I heard it snoring."""
89,pranavv123,2020-08-29 13:39:57,https://reddit.com/r/Jokes/comments/iisjhd/how_do_you_greet_a_jew_at_a_national_park/,1,Jokes,How do you greet a Jew at a national park?,https://www.reddit.com/r/Jokes/comments/iisjhd/how_do_you_greet_a_jew_at_a_national_park/,1598722797.0,submission,Yo-Semite
90,jacknjillwent,2020-08-29 13:37:06,https://reddit.com/r/Jokes/comments/iisi1y/whats_the_similarity_between_a_psychologist_and/,1,Jokes,What's the similarity between a psychologist and pathologist?,https://www.reddit.com/r/Jokes/comments/iisi1y/whats_the_similarity_between_a_psychologist_and/,1598722626.0,submission,[removed]
91,Ribdunge,2020-08-29 13:36:56,https://reddit.com/r/Jokes/comments/iishym/ever_noticed_how_adult_toy_always_means_some_sex/,1,Jokes,"Ever noticed how ""adult toy"" always means some sex device...",https://www.reddit.com/r/Jokes/comments/iishym/ever_noticed_how_adult_toy_always_means_some_sex/,1598722616.0,submission,And not like a big race car.
92,nooobieeee,2020-08-29 13:34:52,https://reddit.com/r/Jokes/comments/iisgv9/scientists_are_finally_able_to_translate_dog/,1,Jokes,Scientists are finally able to translate dog barking into human language...,https://www.reddit.com/r/Jokes/comments/iisgv9/scientists_are_finally_able_to_translate_dog/,1598722492.0,submission,"hey!

hey hey!

hey hey hey HEY!"
93,Kuay_Liang,2020-08-29 13:34:41,https://reddit.com/r/Jokes/comments/iisgrk/what_a_redditor_will_after_detonating_a_bomb/,1,Jokes,What a redditor will after detonating a bomb inside a bank ?,https://www.reddit.com/r/Jokes/comments/iisgrk/what_a_redditor_will_after_detonating_a_bomb/,1598722481.0,submission,"

NOTHING !!!!


What are you expecting anyway ?"
94,soperpp,2020-08-29 13:27:47,https://reddit.com/r/Jokes/comments/iisdad/the_only_two_white_actors_in_black_panther_are/,1,Jokes,"The only two white actors in Black Panther are Martin Freeman, who played Bilbo Baggins, and Andy Serkis who played Gollum.",https://www.reddit.com/r/Jokes/comments/iisdad/the_only_two_white_actors_in_black_panther_are/,1598722067.0,submission,They're the Tolkien white guys.
95,simonstroelsen,2020-08-29 13:25:44,https://reddit.com/r/Jokes/comments/iisc9d/how_do_you_find_a_blind_man_on_a_nudist_beach/,1,Jokes,how do you find a blind man on a nudist Beach,https://www.reddit.com/r/Jokes/comments/iisc9d/how_do_you_find_a_blind_man_on_a_nudist_beach/,1598721944.0,submission,It’s not hard
96,STICKZOUT,2020-08-29 13:22:16,https://reddit.com/r/Jokes/comments/iisaer/you_hear_the_one_about_the_woman_who_went_on_a/,1,Jokes,You hear the one about the woman who went on a fishing expedition with three fishermen?,https://www.reddit.com/r/Jokes/comments/iisaer/you_hear_the_one_about_the_woman_who_went_on_a/,1598721736.0,submission,She came back with a Red Snapper!
97,esha22,2020-08-29 13:21:42,https://reddit.com/r/Jokes/comments/iisa47/wife_i_gotta_keep_my_new_gold_ring_in_a_safe_place/,1,Jokes,Wife: i gotta keep my new gold ring in a safe place.,https://www.reddit.com/r/Jokes/comments/iisa47/wife_i_gotta_keep_my_new_gold_ring_in_a_safe_place/,1598721702.0,submission,[removed]
98,Lazystoner151,2020-08-29 13:21:32,https://reddit.com/r/Jokes/comments/iisa1a/what_did_the_grateful_frenchman_say_when_johnny/,1,Jokes,What did the grateful Frenchman say when Johnny asked him to join Cobra Kai?,https://www.reddit.com/r/Jokes/comments/iisa1a/what_did_the_grateful_frenchman_say_when_johnny/,1598721692.0,submission,No mercy.
99,treborly,2020-08-29 13:19:09,https://reddit.com/r/Jokes/comments/iis8up/do_you_know_why_they_call_the_position_supervisor/,1,Jokes,"Do you know why they call the position ""supervisor""?",https://www.reddit.com/r/Jokes/comments/iis8up/do_you_know_why_they_call_the_position_supervisor/,1598721549.0,submission,"Because they are so far away from any sort of work they literally need ""super - vision"" to see it from that distance."
100,snk2020,2020-08-29 15:59:56,https://reddit.com/r/Jokes/comments/iipxek/girl_come_over/g391gcy/,1,Jokes,,,1598731196.0,comment,Who is Roger? Why are you calling out his name in bed?
101,kibmj43,2020-08-29 15:59:54,https://reddit.com/r/Jokes/comments/iiffpq/a_farmer_buys_a_young_cock/g391g8n/,1,Jokes,,,1598731194.0,comment,Fair! I thought maybe this was universally funny and I was missing something! Thanks pal
102,BluHaven,2020-08-29 15:59:14,https://reddit.com/r/Jokes/comments/iiffpq/a_farmer_buys_a_young_cock/g391djt/,1,Jokes,,,1598731154.0,comment,"Humor is subjective, so someone may find it funny for a reason different from another. For me, I simply find it clever that the joke ends with the rooster attempting to have intercourse with the vultures by pretending to be dead."
103,scarredbirdjrr,2020-08-29 15:58:59,https://reddit.com/r/Jokes/comments/iipxek/girl_come_over/g391ch2/,1,Jokes,,,1598731139.0,comment,*69
104,kuya_XL,2020-08-29 15:58:14,https://reddit.com/r/Jokes/comments/iiuq5o/three_redditors_walk_into_a_bar/g3919fj/,1,Jokes,,,1598731094.0,comment,What about the one that walked into a bar while staring at his phone? Love it when people smash into things while not paying attention.
105,BatGirl2011,2020-08-29 15:57:58,https://reddit.com/r/Jokes/comments/iiuqus/what_do_you_call_a_cat_that_gets_anything_it_wants/g3918dt/,1,Jokes,,,1598731078.0,comment,This is a pawesome joke!
106,Janbiya,2020-08-29 15:57:14,https://reddit.com/r/Jokes/comments/iiulvs/i_have_some_original_contribution_to_rjokes/g3915bl/,1,Jokes,,,1598731034.0,comment,This is obviously a repost.
107,mrpaulie41,2020-08-29 15:55:59,https://reddit.com/r/Jokes/comments/iipxek/girl_come_over/g390zm0/,1,Jokes,,,1598730959.0,comment,Salty sea man
108,MartHodds,2020-08-29 15:55:02,https://reddit.com/r/Jokes/comments/iiunfo/a_little_girl_was_talking_to_her_father/g390qkl/,1,Jokes,,,1598730902.0,comment,Shots fired.
109,MrSkittlesPK,2020-08-29 15:54:58,https://reddit.com/r/Jokes/comments/iiteg6/whats_the_difference_between_an_american_and_a/g390qbp/,1,Jokes,,,1598730898.0,comment,r/edgy
110,fried_biology,2020-08-29 15:54:44,https://reddit.com/r/Jokes/comments/iipxek/girl_come_over/g390pdl/,1,Jokes,,,1598730884.0,comment,"What's your frequency,  Kenneth?"
111,snoogansthejew,2020-08-29 15:54:22,https://reddit.com/r/Jokes/comments/iipxek/girl_come_over/g390nuz/,1,Jokes,,,1598730862.0,comment,"Haha! Took me a second, but I got there."
112,Mighty_Lord6,2020-08-29 15:54:05,https://reddit.com/r/Jokes/comments/iiteg6/whats_the_difference_between_an_american_and_a/g390mq2/,1,Jokes,,,1598730845.0,comment,Well if humans are not humans anymore what's the point of comebacks
113,[deleted],2020-08-29 15:53:41,https://reddit.com/r/Jokes/comments/iipxek/girl_come_over/g390l5j/,1,Jokes,,,1598730821.0,comment,[removed]
114,MrSkittlesPK,2020-08-29 15:53:30,https://reddit.com/r/Jokes/comments/iiteg6/whats_the_difference_between_an_american_and_a/g390kes/,1,Jokes,,,1598730810.0,comment,Comebacks as well
115,Mighty_Lord6,2020-08-29 15:52:45,https://reddit.com/r/Jokes/comments/iiteg6/whats_the_difference_between_an_american_and_a/g390hdn/,1,Jokes,,,1598730765.0,comment,Humanity too
116,-Timothy_2,2020-08-29 15:52:20,https://reddit.com/r/Jokes/comments/iiunfo/a_little_girl_was_talking_to_her_father/g390fp8/,1,Jokes,,,1598730740.0,comment,That's alota damage
117,G_Affect,2020-08-29 15:52:01,https://reddit.com/r/Jokes/comments/iipxek/girl_come_over/g390eh4/,1,Jokes,,,1598730721.0,comment,Did i hear a nine'er?
118,toxic_pantaloons,2020-08-29 15:51:31,https://reddit.com/r/Jokes/comments/iirg4j/what_do_you_call_a_fat_person_in_europe/g390cge/,1,Jokes,,,1598730691.0,comment,"Don't laugh too hard, you guys are getting fat too"
119,RoadwearyMoses,2020-08-29 15:49:13,https://reddit.com/r/Jokes/comments/iiubqp/a_stereotypically_diverse_dance_crew_walks_into_a/g39036l/,1,Jokes,,,1598730553.0,comment,"I feel that way every time I read this sub.  All these children think they are slick, stealing  jokes that were old when Nixon resigned."
120,Marshallino,2020-08-29 15:48:56,https://reddit.com/r/Jokes/comments/iipxek/girl_come_over/g390234/,1,Jokes,,,1598730536.0,comment,Did you really just type out that entire bit?
121,PoisonousTea,2020-08-29 15:48:31,https://reddit.com/r/Jokes/comments/iirg4j/what_do_you_call_a_fat_person_in_europe/g3900cm/,1,Jokes,,,1598730511.0,comment,"Noooo you can not joke about americans

Haha fat yankiee go brrrr"
122,RichardEnergySr,2020-08-29 15:48:27,https://reddit.com/r/Jokes/comments/iiujjf/yo_mama_so_fat/g39004c/,1,Jokes,,,1598730507.0,comment,"Succinct, clever, and it rhymes.

Upvote."
123,AnitaRide,2020-08-29 15:48:23,https://reddit.com/r/Jokes/comments/ii9hc5/i_got_a_vasectomy_but_my_gf_still_got_pregnant/g38zzt1/,1,Jokes,,,1598730503.0,comment,"No, and unfortunately I know i am his son cuz I'm just as ugly as he is lol"
124,Marshallino,2020-08-29 15:48:15,https://reddit.com/r/Jokes/comments/iipxek/girl_come_over/g38zzb8/,1,Jokes,,,1598730495.0,comment,Did you really just type out that entire bit?
125,Revolutionary-Pin-43,2020-08-29 15:48:11,https://reddit.com/r/Jokes/comments/iisna9/a_15year_old_boy_came_home_with_a_porsche/g38zz0r/,1,Jokes,,,1598730491.0,comment,"At 15 he really only had $15, spent his life savings on this"
126,Molletol,2020-08-29 15:47:44,https://reddit.com/r/Jokes/comments/iipxek/girl_come_over/g38zx6f/,1,Jokes,,,1598730464.0,comment,"Dude I get your point. You didn’t have to type it out three times, you just wasted your time"
127,johndrake666,2020-08-29 15:47:08,https://reddit.com/r/Jokes/comments/iipxek/girl_come_over/g38zup1/,1,Jokes,,,1598730428.0,comment,Roger is the neighbor.
128,OalphaO,2020-08-29 15:47:05,https://reddit.com/r/Jokes/comments/iipxek/girl_come_over/g38zuha/,1,Jokes,,,1598730425.0,comment,"That's a Texas-size 10-4 good buddy, Over and Out."
129,dannyfio,2020-08-29 15:46:14,https://reddit.com/r/Jokes/comments/ihmdr3/a_group_of_first_graders_come_in_from_recess/g38zr1n/,1,Jokes,,,1598730374.0,comment,"Well, I have read the book and the show, and while its not really directly related, it does bring up an image to me as well. 

Maybe the books just got into my head too much. It feels like a line picked up directly from it tho even if it isn't."
130,mrdan1969,2020-08-29 15:46:13,https://reddit.com/r/Jokes/comments/iiosh2/what_did_the_reddit_user_say_after_detonating_a/g38zqz0/,1,Jokes,,,1598730373.0,comment,Because for some reason people feel compelled to announce every edit they make. I think they feel like they're lying if they don't somehow I don't understand.
131,PoisonousTea,2020-08-29 15:45:59,https://reddit.com/r/Jokes/comments/iiuj42/did_i_fuck_a_chines_cebirty/g38zpym/,1,Jokes,,,1598730359.0,comment,And why is that?
132,Janbiya,2020-08-29 15:44:37,https://reddit.com/r/Jokes/comments/iiufkx/whats_the_difference_between_your_job_and_a_dead/g38zkfk/,1,Jokes,,,1598730277.0,comment,Nobody ever gave a f*ck about your job.
133,Janbiya,2020-08-29 15:44:09,https://reddit.com/r/Jokes/comments/iiubrw/you_know_how_you_dont_want_to_do_something_after/g38zifg/,1,Jokes,,,1598730249.0,comment,The real joke is in the comments.
134,davioro,2020-08-29 15:44:07,https://reddit.com/r/Jokes/comments/iiuj42/did_i_fuck_a_chines_cebirty/g38zicb/,1,Jokes,,,1598730247.0,comment,Is this r/ihadastroke ?
135,Simplyx69,2020-08-29 15:43:27,https://reddit.com/r/Jokes/comments/iiprd9/all_countries_eventually_got_coronavirus/g38zfme/,1,Jokes,,,1598730207.0,comment,Yes
136,Melatoninandme,2020-08-29 15:43:18,https://reddit.com/r/Jokes/comments/iiufkx/whats_the_difference_between_your_job_and_a_dead/g38zf0w/,1,Jokes,,,1598730198.0,comment,Nothing. They both dead.
137,Keri2103,2020-08-29 15:42:55,https://reddit.com/r/Jokes/comments/iiosh2/what_did_the_reddit_user_say_after_detonating_a/g38zdj6/,1,Jokes,,,1598730175.0,comment,Just stop commenting you are going to get yourself minus comment karma lol
138,icanhasbeefwellngton,2020-08-29 15:42:53,https://reddit.com/r/Jokes/comments/ie08ur/do_not_read_this_oc_joke/g38zdfx/,1,Jokes,,,1598730173.0,comment,Sounds like you ended up in Custer.
139,bedpool007,2020-08-29 15:42:14,https://reddit.com/r/Jokes/comments/iiosh2/what_did_the_reddit_user_say_after_detonating_a/g38zauo/,1,Jokes,,,1598730134.0,comment,"people do repost and etc for gold or silver rewards , what special does that reward do ?"
140,MrSkittlesPK,2020-08-29 15:42:11,https://reddit.com/r/Jokes/comments/iitk4f/just_heard_chadwick_boseman_died/g38zal2/,1,Jokes,,,1598730131.0,comment,Less malignant than your cancerous humor.
141,dannyfio,2020-08-29 15:42:01,https://reddit.com/r/Jokes/comments/ihndjf/a_magician_was_working_on_a_cruise_ship/g38z9zl/,1,Jokes,,,1598730121.0,comment,CUZ ME NAAT FUNY!
142,MrSkittlesPK,2020-08-29 15:41:01,https://reddit.com/r/Jokes/comments/iiteg6/whats_the_difference_between_an_american_and_a/g38z60v/,1,Jokes,,,1598730061.0,comment,TBH I don't mind it. I know creativity died years ago.
143,Revolutionary-Pin-43,2020-08-29 15:39:57,https://reddit.com/r/Jokes/comments/iirvsp/a_friend_got_mad_at_me_for_smelling_his_sisters/g38z1wu/,1,Jokes,,,1598729997.0,comment,Sister as in... a Nun? I wonder
144,bawyn,2020-08-29 15:39:46,https://reddit.com/r/Jokes/comments/iiu8mq/hey_you_do_you_put_nail_polish_on_your_butt/g38z16z/,1,Jokes,,,1598729986.0,comment,&lt;the Witcher enters the chat&gt;
145,yellowsquaresponge,2020-08-29 15:39:14,https://reddit.com/r/Jokes/comments/iitxmb/i_have_a_friend_who_is_transgender/g38yz44/,1,Jokes,,,1598729954.0,comment,"Im curious, what did it say?"
146,Janbiya,2020-08-29 15:38:58,https://reddit.com/r/Jokes/comments/iis7ok/whats_the_difference_between_a_man_running_and_a/g38yy07/,1,Jokes,,,1598729938.0,comment,"It wants you to think it's an elephant, but it's really just a paper tiger."
147,crackatoah,2020-08-29 15:38:22,https://reddit.com/r/Jokes/comments/iiu3h7/what_are_people_who_doesnt_like_rice_called/g38yvo1/,1,Jokes,,,1598729902.0,comment,Sounds like an Australian pronouncing racists lol
148,Dan13lp88,2020-08-29 15:38:09,https://reddit.com/r/Jokes/comments/iiufkx/whats_the_difference_between_your_job_and_a_dead/g38yuuq/,1,Jokes,,,1598729889.0,comment,The dead prostitute only takes about 1 minute of your time vs your job requires Atleast 40 hours a week
149,pmspeaker,2020-08-29 15:38:07,https://reddit.com/r/Jokes/comments/iiro8h/a_russian_and_an_irish_wrestler_were_set_to/g38yups/,1,Jokes,,,1598729887.0,comment,wild
150,mycurvywifelikesthis,2020-08-29 15:37:37,https://reddit.com/r/Jokes/comments/iis7ok/whats_the_difference_between_a_man_running_and_a/g38ysqo/,1,Jokes,,,1598729857.0,comment,I thought that was an elephant
151,Prototypewriter,2020-08-29 15:37:30,https://reddit.com/r/Jokes/comments/iitxmb/i_have_a_friend_who_is_transgender/g38ysb4/,1,Jokes,,,1598729850.0,comment,Take your transphobia somewhere else
152,Kuchikitaicho,2020-08-29 15:37:01,https://reddit.com/r/Jokes/comments/fwornv/finding_an_ancient_community/g38yqg7/,1,Jokes,,,1598729821.0,comment,"I understood, my friend. Btw, do you like breadsticks?"
153,mycurvywifelikesthis,2020-08-29 15:36:58,https://reddit.com/r/Jokes/comments/iio6dh/what_is_a_mummys_favourite_genre_of_music/g38yq9p/,1,Jokes,,,1598729818.0,comment,Can we wrap this bad joke up
154,ubermegamusket,2020-08-29 15:36:47,https://reddit.com/r/Jokes/comments/iisvka/russian_joke_a_tourist_gets_pulled_over_by_a_cop/g38ypj0/,1,Jokes,,,1598729807.0,comment,"He needs to think of something to get the police on, so that the police hands back the money, he can hand in the rest of the money, and the police can hand it back (like in naked gun)"
155,lt-chaos,2020-08-29 15:36:43,https://reddit.com/r/Jokes/comments/ii937f/a_woman_goes_to_the_husband_store/g38yp8b/,1,Jokes,,,1598729803.0,comment,r/arethestraightsok
156,Sjh1961,2020-08-29 15:36:42,https://reddit.com/r/Jokes/comments/iiubqp/a_stereotypically_diverse_dance_crew_walks_into_a/g38yp4u/,1,Jokes,,,1598729802.0,comment,I must have time traveled to the 1950's while I slept.
157,poboy975,2020-08-29 15:36:08,https://reddit.com/r/Jokes/comments/iipxek/girl_come_over/g38ymwt/,1,Jokes,,,1598729768.0,comment,Damn you're right! It's been a while since I've seen the movie.
158,bigswig4cei,2020-08-29 15:35:53,https://reddit.com/r/Jokes/comments/iiu9bb/girl_come_over/g38ylvb/,1,Jokes,,,1598729753.0,comment,"It's a setup, get out fast!"
159,HashtagTSwagg,2020-08-29 15:35:49,https://reddit.com/r/Jokes/comments/iitk4f/just_heard_chadwick_boseman_died/g38ylm3/,1,Jokes,,,1598729749.0,comment,"People die. It is unfortunate, yes, but is it any better to make this joke a month from now than it is today?

I would probably say no."
160,TheEntosaur,2020-08-29 15:35:45,https://reddit.com/r/Jokes/comments/iipxek/girl_come_over/g38ylce/,1,Jokes,,,1598729745.0,comment,So many what? Over
161,Mohlemite,2020-08-29 15:35:31,https://reddit.com/r/Jokes/comments/iiosh2/what_did_the_reddit_user_say_after_detonating_a/g38ykg6/,1,Jokes,,,1598729731.0,comment,Let’s beat his ass while his children watch in horror for this marginal infraction!
162,walyc,2020-08-29 15:35:11,https://reddit.com/r/Jokes/comments/iirg4j/what_do_you_call_a_fat_person_in_europe/g38yj1l/,1,Jokes,,,1598729711.0,comment,"That's in the past. There are no more American tourists, they're not allowed in any country. America has become one huge leper colony. The world wants you stay put."
163,Apfelvater,2020-08-29 15:34:57,https://reddit.com/r/Jokes/comments/iii9du/president_trump_just_banned_shredded_cheeses/g38yi60/,1,Jokes,,,1598729697.0,comment,K
164,bigswig4cei,2020-08-29 15:34:37,https://reddit.com/r/Jokes/comments/iiu8mq/hey_you_do_you_put_nail_polish_on_your_butt/g38ygwv/,1,Jokes,,,1598729677.0,comment,I love to nail Polish butt
165,BlackCatZack,2020-08-29 15:34:30,https://reddit.com/r/Jokes/comments/iiubrw/you_know_how_you_dont_want_to_do_something_after/g38ygfx/,1,Jokes,,,1598729670.0,comment,Motherf\*cker!
166,KhabaLox,2020-08-29 15:34:20,https://reddit.com/r/Jokes/comments/iipxek/girl_come_over/g38yfqn/,1,Jokes,,,1598729660.0,comment,*Macho Grande
167,dudeimconfused,2020-08-29 15:34:14,https://reddit.com/r/Jokes/comments/iipxek/girl_come_over/g38yfbg/,1,Jokes,,,1598729654.0,comment,[Semantic Satiation](https://en.m.wikipedia.org/wiki/Semantic_satiation)
168,silent_femme,2020-08-29 15:34:01,https://reddit.com/r/Jokes/comments/iiu2gu/if_the_porn_industry_had_a_royal_family_what/g38yeho/,1,Jokes,,,1598729641.0,comment,"Thanks, you just made me imagine honey baked glaze dripping from a man’s penis after he’s done molesting a ham."
169,mulletarian,2020-08-29 15:32:59,https://reddit.com/r/Jokes/comments/iitccj/atheism_and_religion_are_but_two_sides_of_the/g38yadk/,1,Jokes,,,1598729579.0,comment,Just tired of enlightened redditors who think they're smart but just make atheists look obnoxious.
170,nexguy,2020-08-29 15:32:48,https://reddit.com/r/Jokes/comments/iipxek/girl_come_over/g38y9qh/,1,Jokes,,,1598729568.0,comment,YOU CAN'T SAY THAT
171,jasonjenkins67,2020-08-29 15:31:50,https://reddit.com/r/Jokes/comments/iipxek/girl_come_over/g38y5vu/,1,Jokes,,,1598729510.0,comment,Surely you must be joking!
172,MajorcanSketches,2020-08-29 15:31:23,https://reddit.com/r/Jokes/comments/iiqrtz/engine_trouble/g38y42t/,1,Jokes,,,1598729483.0,comment,"Probably, yes. But as it sounds like a serious question I'll add that even a two-engined aircraft can fly happily on one, assuming no complicating factors, so it might divert to the nearest airport with engineering/passenger handling services or to one that's at least in the right/safest country if it happens near the national border. That might not be the very closest in a straight line."
173,AD-Price,2020-08-29 15:31:09,https://reddit.com/r/Jokes/comments/iirk53/did_you_know_that_yesterday_was_the_best_day_to/g38y35u/,1,Jokes,,,1598729469.0,comment,What about the barn owl chef who says: Who cooks for you? Who cooks for you all?
174,happyapy,2020-08-29 15:30:57,https://reddit.com/r/Jokes/comments/iisyyg/so_theres_uproar_that_bella_thorne_is_scamming_on/g38y2fs/,1,Jokes,,,1598729457.0,comment,I agree.
175,donutfor2,2020-08-29 15:30:47,https://reddit.com/r/Jokes/comments/iipxek/girl_come_over/g38y1r9/,1,Jokes,,,1598729447.0,comment,"Stop right there for a moment. Clear, go"
176,The_hidden_kitten,2020-08-29 15:30:44,https://reddit.com/r/Jokes/comments/iipxek/girl_come_over/g38y1km/,1,Jokes,,,1598729444.0,comment,Guy: i'm finished. Over.
177,dudeimconfused,2020-08-29 15:30:30,https://reddit.com/r/Jokes/comments/iipxek/girl_come_over/g38y0ms/,1,Jokes,,,1598729430.0,comment,You can't stop me. Over and out.
178,DanielTube7,2020-08-29 15:29:41,https://reddit.com/r/Jokes/comments/iiosh2/what_did_the_reddit_user_say_after_detonating_a/g38xxin/,1,Jokes,,,1598729381.0,comment,"\#8 Top post of all time, fuck you. I don't mind reposting but come on man."
179,gibberishandnumbers,2020-08-29 15:29:15,https://reddit.com/r/Jokes/comments/iipxek/girl_come_over/g38xvtj/,1,Jokes,,,1598729355.0,comment,"This happens to me randomly with so many words, anyone know if it’s some sort of dissociative condition?"
180,ten_out_of_10,2020-08-29 15:29:09,https://reddit.com/r/Jokes/comments/iiosh2/what_did_the_reddit_user_say_after_detonating_a/g38xvfn/,1,Jokes,,,1598729349.0,comment,Very true
181,baehonest,2020-08-29 15:29:09,https://reddit.com/r/Jokes/comments/iipxek/girl_come_over/g38xvdz/,1,Jokes,,,1598729349.0,comment,Bend what ? Over
182,faux_real_yo,2020-08-29 15:28:37,https://reddit.com/r/Jokes/comments/iidwct/the_only_phrase_that_keeps_me_human/g38xtc9/,1,Jokes,,,1598729317.0,comment,"When a bully insults you by calling you a pussy, respond with, “you are what you eat. That’s what your mom always tells me.”"
183,The_Deep_Chaos,2020-08-29 15:28:01,https://reddit.com/r/Jokes/comments/iiosh2/what_did_the_reddit_user_say_after_detonating_a/g38xqy6/,1,Jokes,,,1598729281.0,comment,He got the most bang for his buck
184,NopeNopeNope2020,2020-08-29 15:27:50,https://reddit.com/r/Jokes/comments/iitvgy/donald_trump_walks_into_a_bar/g38xq9e/,1,Jokes,,,1598729270.0,comment,I agree
185,skell_pietro,2020-08-29 15:27:47,https://reddit.com/r/Jokes/comments/iipxek/girl_come_over/g38xq16/,1,Jokes,,,1598729267.0,comment,But... my name is Paul. Wait a minute....
186,_163ChocoCookie_,2020-08-29 15:24:47,https://reddit.com/r/Jokes/comments/ii6gvx/the_sexiest_mythological_creature_is_medusa/g38xeh9/,1,Jokes,,,1598729087.0,comment,So gorgeous that u freeze when u see her.
187,HildaMarin,2020-08-29 15:24:45,https://reddit.com/r/Jokes/comments/iisvka/russian_joke_a_tourist_gets_pulled_over_by_a_cop/g38xebh/,1,Jokes,,,1598729085.0,comment,This actually happened to me.
188,WhatTheHosenHey,2020-08-29 15:24:32,https://reddit.com/r/Jokes/comments/iiu2gu/if_the_porn_industry_had_a_royal_family_what/g38xdhw/,1,Jokes,,,1598729072.0,comment,Fuckingspam Palace.
189,[deleted],2020-08-29 15:24:20,https://reddit.com/r/Jokes/comments/iitra0/whats_the_difference_between_my_wife_and_my/g38xcrr/,1,Jokes,,,1598729060.0,comment,[removed]
190,Lord_Aarsh,2020-08-29 15:24:02,https://reddit.com/r/Jokes/comments/iiosh2/what_did_the_reddit_user_say_after_detonating_a/g38xbo9/,1,Jokes,,,1598729042.0,comment,This is rhe third time I’ve seen this joke this month.
191,spiff637,2020-08-29 15:24:01,https://reddit.com/r/Jokes/comments/iitvgy/donald_trump_walks_into_a_bar/g38xbne/,1,Jokes,,,1598729041.0,comment,"Man I was hoping the punchline was simple like ""Ouch"""
192,someweirdbanana,2020-08-29 15:22:43,https://reddit.com/r/Jokes/comments/iitxmb/i_have_a_friend_who_is_transgender/g38x6le/,1,Jokes,,,1598728963.0,comment,It's* a cunt now. No longer a he or a she.
193,faur217,2020-08-29 15:20:28,https://reddit.com/r/Jokes/comments/iiosh2/what_did_the_reddit_user_say_after_detonating_a/g38wy34/,1,Jokes,,,1598728828.0,comment,"Still answering all the questions :) feel sorry for you
You are either 13 or at the level of a 13 yrs old"
194,TuckSmiff,2020-08-29 15:20:08,https://reddit.com/r/Jokes/comments/iiu0t3/what_do_you_call_a_dog_who_does_magic_tricks/g38wwqz/,1,Jokes,,,1598728808.0,comment,"Doesn’t matter, it won’t come. 
Am I doing this right?..."
195,Jasink1987,2020-08-29 15:19:20,https://reddit.com/r/Jokes/comments/iiu2gu/if_the_porn_industry_had_a_royal_family_what/g38wtm4/,1,Jokes,,,1598728760.0,comment,I just imagine a bunch of people fucking honey baked hams.
196,aGayIntrovert,2020-08-29 15:19:19,https://reddit.com/r/Jokes/comments/iipxek/girl_come_over/g38wtlb/,1,Jokes,,,1598728759.0,comment,There’s this thing called copy and paste. There’s this thing called copy and paste. There’s this thing called copy and paste. There’s this thing called copy and paste. There’s this thing called copy and paste. There’s this thing called copy and paste.
197,jorph,2020-08-29 15:19:10,https://reddit.com/r/Jokes/comments/iisqmp/what_did_the_buffalo_say_to_his_kid_when_he_left/g38wszr/,1,Jokes,,,1598728750.0,comment,This brings me back 20 years
198,zer0w0rries,2020-08-29 15:18:41,https://reddit.com/r/Jokes/comments/iipxek/girl_come_over/g38wr69/,1,Jokes,,,1598728721.0,comment,"Stewie: Brian, pick up. Over.

Brian: What?

Stewie: Brian, please say ""over"" when you are finished talking. Over.

Brian: (sighs) What? Over.

Stewie: Do you see the wire yet? Over.

Brian: No.

Stewie: Nooooo what? Over.

Brian: No. Over.

Stewie: Okay, I'm gonna start feeding it through. Over.

Brian: Wait, If you haven't started feeding it, why'd ya ask me if I could see it?

Stewie: Didn't copy that. Over.

Brian: I said why did ya ask me if I could see it if you haven't started feeding it. Over.

Stewie: Oh that's better, I can hear you now. Over. Do you see it yet? Over.

Brian: You know, you're a jackass. For the record, I don't wanna hang out with you anymore when this is over.

Stewie: When this is what Brian? Over.

Brian: I said, I don't wanna hang out with you anymore when this is over.

Stewie: When this is what? You've got to finish your sentence. Over.

Brian: That's it, my sentence is over.

Stewie: Your sentence is what, Brian? Over.

Brian: My sentence is- wait a minute. I have to say over, even if the sentence ends with the word over?

Stewie: Ends with the word what, Brian? Over."
199,IAmHobbes,2020-08-29 15:18:06,https://reddit.com/r/Jokes/comments/iiiq0m/my_girlfriend_dumped_me_for_an_indian/g38wowr/,1,Jokes,,,1598728686.0,comment,"Yes, we worship cows."
